<?xml version="1.0" encoding="UTF-8"?>
<project-private xmlns="http://www.netbeans.org/ns/project-private/1">
    <editor-bookmarks xmlns="http://www.netbeans.org/ns/editor-bookmarks/2" lastBookmarkId="0"/>
    <open-files xmlns="http://www.netbeans.org/ns/projectui-open-files/2">
        <group>
            <file>file:/D:/level-6.2/SW/project/javaapp/javaapp/src/javaapp/Java_Form_Login.java</file>
            <file>file:/D:/level-6.2/SW/project/javaapp/javaapp/src/javaapp/register.java</file>
            <file>file:/D:/level-6.2/SW/project/javaapp/javaapp/src/javaapp/home.java</file>
            <file>file:/D:/level-6.2/SW/project/javaapp/javaapp/src/javaapp/technician.java</file>
            <file>file:/D:/level-6.2/SW/project/javaapp/javaapp/src/javaapp/customer.java</file>
        </group>
    </open-files>
</project-private>
