<?xml version="1.0" encoding="UTF-8" ?>
<?xml-stylesheet type="text/xsl" href="accountStyle.xsl"?>
<Account useremail="user1@gmail.com" password="mypass" >
	<package package_id="3" status="in_transit">
		<sender>Target</sender>
		<contents>accessories</contents>
		<contents>Home Supplies</contents>
		<carrier>UPS</carrier>
		<weight unit="kg">2.5</weight>
		<tracking_history>
			<state date="2013-01-28">
				<location>
					<countrey>United States</countrey>
					<city>New York</city>
					<zipcode>11451</zipcode>
					<facility>storehouse</facility>
					
				</location>
				<description>Forwarded to UAE, Dubai.</description>
			</state>
			<state date="2012-12-29">
				<location>
					<countrey>Jamaica</countrey>
					<city>Kingston</city>
					<zipcode>11451</zipcode>
					<facility>storehouse</facility>
				</location>
				<description>Forwarded to New York, United States.</description>
			</state>
		</tracking_history>
	</package>
	<package package_id="2" status="delivered">
		<sender>Amazon</sender>
		<contents>Books</contents>
		<carrier>Fedex</carrier>
		<weight unit="kg">5</weight>
		<tracking_history>
			<state date="2013-02-17">
				<location>
					<countrey>Saudi Arabia</countrey>
					<city>Riyadh</city>
					<zipcode>11451</zipcode>
				</location>
				<description>Delivered to consignee</description>
			</state>
			<state date="2013-01-28">
				<location>
					<countrey>United States</countrey>
					<city>New York</city>
					<zipcode>11451</zipcode>
					<facility/>
				</location>
				<description>Forwarded to UAE, Dubai.</description>
			</state>
			<state date="2012-12-29">
				<location>
					<countrey>Jamaica</countrey>
					<city>Kingston</city>
					<zipcode>11451</zipcode>
					<facility>storehouse</facility>
				</location>
				<description>Forwarded to New York, United States.</description>
			</state>
		</tracking_history>
	</package>
	<package package_id="1" status="in_transit">
		<sender>Nordstrom</sender>
		<contents>Apparel</contents>
		<carrier>Aramex</carrier>
		<weight unit="kg">6</weight>
		<tracking_history>
			<state date="2012-12-29">
				<location>
					<countrey>United States</countrey>
					<city>New York</city>
					<zipcode>11451</zipcode>
					<facility>storehouse</facility>
				</location>
				<description>Forwarded to UAE, Dubai.</description>
			</state>
			<state date="2013-01-28">
				<location>
					<countrey>Jamaica</countrey>
					<city>Kingston</city>
					<zipcode>11451</zipcode>
					<facility>storehouse</facility>
				</location>
				<description>Forwarded to New York, United States.</description>
			</state>
		</tracking_history>
	</package>
</Account>