<?xml version="1.0" encoding="UTF-8"?>
<?xml-stylesheet type="text/xsl" href="accountStyle.xsl"?>
<Account useremail="maha122@gmail.com" password="2355975" >
<package package_id="p1" status="in_transit">
    
		<sender>shein</sender>
		<contents>dress</contents>
		<contents>T-shirt</contents>
		<carrier>SMSA</carrier>
		<weight unit="kg">2</weight>
       
		<tracking_history>
			<state date="2015-05-23">
				<location>
					<country>Saudi Arabia</country>
					<city>Riyadh</city>
					<zipcode>12344</zipcode>
					<facility>storehouse</facility>
				</location>
				<description>Delivered to consignee</description>
			</state>
		</tracking_history>
	</package>
    
    
	<package package_id="p2" status="delivered">
        
		<sender>jarir</sender>
		<contents>laptop</contents>
		<carrier>UPS</carrier>
        
		<weight unit="kg">4</weight>
		<tracking_history>
			<state date="2015-02-15">
				<location>
					<country>Lebanon</country>
					<city>Beirut</city>
					<zipcode>11451</zipcode>
				<facility>storehouse</facility>
				</location>
				<description>Forwarded to UAE, Abu Dhabi</description>
			</state>
			
		</tracking_history>
	</package>
    
    </Account>