<?xml version="1.0" encoding="UTF-8"?>
<?xml-stylesheet type="text/xsl" href="accountStyle.xsl"?>
<Account useremail="maha122@gmail.com" password="9757695" >
<package package_id="p1" status="in_transit">
    
		<sender>shein</sender>
		<contents>Shoes</contents>
		<contents>T-shirt</contents>
		<carrier>Fedex</carrier>
		<weight unit="kg">3</weight>
       
		<tracking_history>
			<state date="2015-03-23">
				<location>
					<country>Saudi Arabia</country>
					<city>Riyadh</city>
					<zipcode>12344</zipcode>
					<facility>storehouse</facility>
				</location>
				<description>Delivered to consignee</description>
			</state>
		</tracking_history>
	</package>
    
    
	<package package_id="p2" status="delivered">
        
		<sender>jollychic</sender>
		<contents>Shoes</contents>
		<carrier>Fedex</carrier>
        
		<weight unit="kg">1.2</weight>
		<tracking_history>
			<state date="2015-02-15">
				<location>
					<country>Qatar</country>
					<city>Doha</city>
					<zipcode>11451</zipcode>
				<facility>storehouse</facility>
				</location>
				<description>Forwarded to UAE, Abu Dhabi</description>
			</state>
			
		</tracking_history>
	</package>
    
    
	<package package_id="p2" status="delivered">
        
		<sender>vogacloset</sender>
		<contents>Skin Care Creams</contents>
		<carrier>Fedex</carrier>
		<weight unit="kg">2.5</weight>
		<tracking_history>
			<state date="2015-04-23">
				<location>
					<country>Saudi Arabia</country>
					<city>Jeddah</city>
					<zipcode>11451</zipcode>
				<facility>storehouse</facility>
				</location>
				<description>Forwarded to Kuwait, Kuwait</description>
			</state>
			
		</tracking_history>
	</package>
    
    
	<package package_id="p2" status="delivered">
        
		<sender>Amazon</sender>
		<contents>books</contents>
		<carrier>SMSA</carrier>
		<weight unit="kg">2</weight>
		<tracking_history>
			<state date="2014-01-01">
				<location>
					<country>Saudi Arabia</country>
					<city>Jeddah</city>
					<zipcode>11451</zipcode>
				<facility>storehouse</facility>
				</location>
				<description>Forwarded to UAE, Dubai</description>
			</state>
		</tracking_history>
     </package>	

</Account>