<?xml version="1.0" encoding="UTF-8"?>
<?xml-stylesheet type="text/xsl" href="accountStyle.xsl"?>
<Account useremail="rawan212@gmail.com" password="12ojdzfiostrh3" >
<package package_id="p1" status="in_transit">
    
		<sender>NAMSHI</sender>
		<contents>Shoes</contents>
		<contents>dress</contents>
        <contents>bag</contents>
		<carrier>UPS</carrier>
		<weight unit="kg">3</weight>
    
    
		<tracking_history>
			<state date="2016-02-07">
				<location>
					<country>Kuwait</country>
					<city>Kuwait</city>
					<zipcode>12344</zipcode>
					<facility>storehouse</facility>
				</location>
				<description>Forwarded to New York, United States.</description>
			</state>
		</tracking_history>
	</package>
    
    
	<package package_id="p2" status="delivered">
        
		<sender>Amazon</sender>
		<contents>Skin Care Creams</contents>
		<carrier>Fedex</carrier>
		<weight unit="kg">5</weight>
		<tracking_history>
			<state date="2015-04-23">
				<location>
					<country>Saudi Arabia</country>
					<city>Jeddah</city>
					<zipcode>11451</zipcode>
				<facility>storehouse</facility>
				</location>
				<description>Forwarded to UAE, Abu Dhabi</description>
			</state>
            <state date="2012-12-29">
				<location>
					<country>Algeria</country>
					<city>Algeria</city>
					<zipcode>11451</zipcode>
					<facility>storehouse</facility>
				</location>
				<description>Delivered to consignee</description>
			</state>
			<state date="2013-04-26">
				<location>
					<country>United States</country>
					<city> Los Angeles</city>
					<zipcode>11451</zipcode>
				<facility>storehouse</facility>
				</location>
				<description>Delivered to consignee</description>
			</state>
			
		</tracking_history>
	</package>
</Account>